rauakbar,90shiphop
Black_Salsa,90shiphop
roughbeard368,90shiphop
maxkmiller,90shiphop
Chillsathyy,90shiphop
,90shiphop
mrpopenfresh,90shiphop
Rob1150,90shiphop
blackmamba888,90shiphop
,90shiphop
FiveVO,90shiphop
briangilroy,90shiphop
BrandonLee1991,90shiphop
_Billy__Shears,90shiphop
shaggadally,90shiphop
Fxplus,90shiphop
pumkinsoup,90shiphop
,90shiphop
SnuggleBear,90shiphop
jarizzle151,90shiphop
machineintel,90shiphop
,90shiphop
5starWHIPTY,90shiphop
PtheWyse,90shiphop
5starWHIPTY,90shiphop
percynomercy,90shiphop
sugarrayrob,90shiphop
henryhillfiger34,90shiphop
Indiana_Mogens,90shiphop
boris-badenov,90shiphop
Not_A_Meme,90shiphop
Jukebawks,90shiphop
OldPeoples,90shiphop
PhreakyByNature,90shiphop
hlayone,90shiphop
ScornAdorned,90shiphop
I_snort_dope,90shiphop
kiaha,alternativerock
Therap3,alternativerock
DoggiCorner,alternativerock
lexluthzor,alternativerock
wiingdiing,alternativerock
atticus138,alternativerock
k-e-l-s-e-y,alternativerock
Giekorock,alternativerock
Shogelicious,alternativerock
Polskan,alternativerock
DJstone,alternativerock
Shogelicious,alternativerock
smeaglelovesmaster,alternativerock
AutomaticGats,alternativerock
Shogelicious,alternativerock
Stiffed_,alternativerock
hobbsarelie83,alternativerock
thefitz138,alternativerock
poopsathouseparties,alternativerock
akbarsohelali,alternativerock
adventureclubtime,alternativerock
suexian,alternativerock
viniesposito,alternativerock
norepedo,alternativerock
Manning119,alternativerock
P1aybass,alternativerock
,alternativerock
Thisismyderpstick,alternativerock
AlaricTheArcane,ambientmusic
AMULETSATX,ambientmusic
Psychedelicool,ambientmusic
,ambientmusic
numinm,ambientmusic
lost_file,ambientmusic
ChangeAndAdapt,ambientmusic
numinm,ambientmusic
GARRRRYBUSSSEY,ambientmusic
DrHenryPym,ambientmusic
LetTheDeedShaw,ambientmusic
teduh,ambientmusic
kybp1,ambientmusic
AMULETSATX,ambientmusic
newhoa,ambientmusic
iamheadhancho,ambientmusic
obscure_robot,ambientmusic
,ambientmusic
Crow23,ambientmusic
,ambientmusic
FAHQRudy,ambientmusic
h3rbivore,ambientmusic
DaintySload,ambientmusic
generationfourth,ambientmusic
kclo4,ambientmusic
boolean_union,ambientmusic
kclo4,ambientmusic
boolean_union,ambientmusic
pmiller17,ambientmusic
DustbinK,ambientmusic
pmiller17,ambientmusic
readthisresistor,ambientmusic
Chkldst,ambientmusic
waltzingowl,ambientmusic
ThatGuysGotaCamera,ambientmusic
Dancopter,ambientmusic
machete234,ambientmusic
,ambientmusic
dragonbornrises,ambientmusic
,ambientmusic
Aleril_Antarai,ambientmusic
bonrmagic,ambientmusic
YetiRambler,ambientmusic
,ambientmusic
callumgg,ambientmusic
SuperBananners,ambientmusic
RaxusAnode,ambientmusic
,ambientmusic
fazzah,ambientmusic
Lukeslash,ambientmusic
Tommat,ambientmusic
HALLUcareface,ambientmusic
esquilax,ambientmusic
tree_or_up,ambientmusic
fazzah,ambientmusic
DustbinK,ambientmusic
blinder,ambientmusic
DustbinK,ambientmusic
blinder,ambientmusic
t3h_p3ngUin_of_d00m,ambientmusic
contemplazy,ambientmusic
juicyspace,ambientmusic
externality,ambientmusic
juicyspace,ambientmusic
daddylionmusic,ambientmusic
juicyspace,ambientmusic
daddylionmusic,ambientmusic
TitaniteShart,ambientmusic
katybassist,ambientmusic
daddylionmusic,ambientmusic
neuromonkey,ambientmusic
externality,ambientmusic
bluestatic1,ambientmusic
externality,ambientmusic
bluestatic1,ambientmusic
lostsputnik,ambientmusic
externality,ambientmusic
neuromonkey,ambientmusic
Jarmihi,ambientmusic
Crabaroni,ambientmusic
daddylionmusic,ambientmusic
theoneguytries,ambientmusic
bluestatic1,ambientmusic
SlipperySalm0n,ambientmusic
dGhleSBoYXZlIG5vIHdv,ambientmusic
bluestatic1,ambientmusic
effortDee,ambientmusic
Nheea,ambientmusic
babiestgiraffe,ambientmusic
megagoosey,ambientmusic
Bluest_One,ambientmusic
tussilladra,ambientmusic
ninnabadda,ambientmusic
bannana,ambientmusic
DepGrez,ambientmusic
TunicaExterna,ambientmusic
nixosad,ambientmusic
nixosad,ambientmusic
LunatriC,ambientmusic
syncr23,ambientmusic
DustbinK,ambientmusic
wantonballbag,ambientmusic
DustbinK,ambientmusic
wantonballbag,ambientmusic
DustbinK,ambientmusic
,ambientmusic
syncr23,ambientmusic
TunicaExterna,ambientmusic
RUArtist,ambientmusic
bellsauce,ambientmusic
deep1986,ambientmusic
ReasonSausage,ambientmusic
empw,ambientmusic
ReasonSausage,ambientmusic
empw,ambientmusic
PresentedIn4D,ambientmusic
,ambientmusic
PresentedIn4D,ambientmusic
,ambientmusic
empw,ambientmusic
ReasonSausage,ambientmusic
TreeHandThingy,ambientmusic
TheRealDarius,ambientmusic
raindo,ambientmusic
conorellis,ambientmusic
effortDee,ambientmusic
Freqd-with-a-silentQ,ambientmusic
effortDee,ambientmusic
CodeTheInternet,ambientmusic
justabrickinthewall,ambientmusic
Gooshma,ambientmusic
effortDee,ambientmusic
bliprock,ambientmusic
,ambientmusic
woodrail,ambientmusic
tussilladra,ambientmusic
conorellis,ambientmusic
Death_InBloom,ambientmusic
CrazyUncleVarg,blackmetal
Gipito,blackmetal
LordMoe,blackmetal
Gipito,blackmetal
HatefulTeen,blackmetal
schmabers,blackmetal
LordMoe,blackmetal
PenetratorHammer,blackmetal
ndrwmxwll,blackmetal
PenetratorHammer,blackmetal
blazingduck,blackmetal
MightySquidWarrior,blackmetal
blazingduck,blackmetal
Helrich,blackmetal
i_spook_you,blackmetal
snakecharrmer,blackmetal
Doktor_Dysphoria,blackmetal
Lord_MonkeyFist,blackmetal
priestofdisorder,blackmetal
Lord_MonkeyFist,blackmetal
priestofdisorder,blackmetal
TheGuyvatzian,blackmetal
weecefwew,blackmetal
Skjellnir,blackmetal
SikhyBanter,blackmetal
priestofdisorder,blackmetal
meatpuppet79,blackmetal
Leblodk,blackmetal
Metal_Malachy,blackmetal
Leblodk,blackmetal
priestofdisorder,blackmetal
Leblodk,blackmetal
priestofdisorder,blackmetal
NovemberComingFire,blackmetal
The_Matt_Squad,blackmetal
Bronan_the_Brobarian,blackmetal
rammstein2222,blackmetal
SworntotheDeath,blackmetal
lostheaven,blackmetal
Vagar,blackmetal
DerSteppenwolf2,blackmetal
Reggie-a,blackmetal
Lord_MonkeyFist,blackmetal
Gipito,blackmetal
Heathen_At_Heart,blackmetal
snakecharrmer,blackmetal
Aversiste,blackmetal
snakecharrmer,blackmetal
Aversiste,blackmetal
snakecharrmer,blackmetal
trashsleeper,blackmetal
promieniowanie,blackmetal
Lundamyrstrollet,blackmetal
rattleshirt,blackmetal
Figurehead242,blackmetal
Minimalisimo,blackmetal
Kinkypumpkin,blackmetal
Sojunaut,blackmetal
dimeadozen09,blackmetal
Quietuus,blackmetal
Skjellnir,blackmetal
Metal_Malachy,blackmetal
Heathen_At_Heart,blackmetal
glitchedgamer,blackmetal
Metal_Malachy,blackmetal
meatpuppet79,blackmetal
Metal_Malachy,blackmetal
m_yourboobsornose,blackmetal
Metal_Malachy,blackmetal
Nihil227,blackmetal
tsjudermcgavin,blackmetal
m_yourboobsornose,blackmetal
tsjudermcgavin,blackmetal
Aversiste,blackmetal
meatpuppet79,blackmetal
rattleshirt,blackmetal
meatpuppet79,blackmetal
rattleshirt,blackmetal
meatpuppet79,blackmetal
rattleshirt,blackmetal
Metal_Malachy,blackmetal
meatpuppet79,blackmetal
LennyFackler,blackmetal
meatpuppet79,blackmetal
LennyFackler,blackmetal
,blackmetal
TheGuyvatzian,blackmetal
Quietuus,blackmetal
DustbinK,blackmetal
Callum-W,blackmetal
m_yourboobsornose,blackmetal
Stinkfished,blackmetal
HatefulTeen,blackmetal
csehszlovakze,blackmetal
HatefulTeen,blackmetal
ndrwmxwll,blackmetal
SemiSeriousSam,blackmetal
oo-,blackmetal
amarokstar,blackmetal
Blue_Shoes_2,blackmetal
Asmaedus,blackmetal
Maledicte,blackmetal
Radhra,blackmetal
mustafa2812,blackmetal
Ondskapt666,blackmetal
himmelsweg,blackmetal
PUSHBROOM,blackmetal
PenetratorHammer,blackmetal
,blackmetal
N3PHxx,blackmetal
,blackmetal
N3PHxx,blackmetal
watashi_wa_fanboy,blackmetal
DustbinK,blackmetal
pfk505,blackmetal
ofthecelts,blackmetal
PenetratorHammer,blackmetal
,blackmetal
PenetratorHammer,blackmetal
ConvictAllFlesh,blackmetal
PenetratorHammer,blackmetal
ClockworkAdict,blackmetal
solarparade,blackmetal
PenetratorHammer,blackmetal
solarparade,blackmetal
PenetratorHammer,blackmetal
juqjoint,blackmetal
carlostheelf,blackmetal
PenetratorHammer,blackmetal
inhalemyslave,blackmetal
PenetratorHammer,blackmetal
inhalemyslave,blackmetal
carlostheelf,blackmetal
notandanafn7,blackmetal
Syzygy666,blackmetal
crinn,blackmetal
PenetratorHammer,blackmetal
crinn,blackmetal
PenetratorHammer,blackmetal
LordButano,blackmetal
pfk505,blackmetal
,blackmetal
PenetratorHammer,blackmetal
,blackmetal
,blackmetal
skeletonised,blackmetal
KingOvHell,blackmetal
DustbinK,blackmetal
PenetratorHammer,blackmetal
KingOvHell,blackmetal
PenetratorHammer,blackmetal
skeletonised,blackmetal
PenetratorHammer,blackmetal
,blackmetal
ShitArchonXPR,blackmetal
notandanafn7,blackmetal
underthepavingstones,blackmetal
PenetratorHammer,blackmetal
ShitArchonXPR,blackmetal
pival,blackmetal
ShitArchonXPR,blackmetal
MILEY-CYRVS,blackmetal
inhalemyslave,blackmetal
PenetratorHammer,blackmetal
complexsystems,blackmetal
TranscendentalMind,blackmetal
PenetratorHammer,blackmetal
complexsystems,blackmetal
PenetratorHammer,blackmetal
,blackmetal
clientsim,blackmetal
PenetratorHammer,blackmetal
HackTheRipper666,blackmetal
PenetratorHammer,blackmetal
THENINETAILEDF0X,blackmetal
,blackmetal
Fixer43,blackmetal
blackened_sunn,blackmetal
BukkRogerrs,blackmetal
PenetratorHammer,blackmetal
olydemon,blackmetal
,blackmetal
MILEY-CYRVS,blackmetal
TranscendentalMind,blackmetal
TranscendentalMind,blackmetal
TranscendentalMind,blackmetal
cfv9000,blackmetal
,blackmetal
PenetratorHammer,blackmetal
ShitArchonXPR,blackmetal
Saturuk,blackmetal
PenetratorHammer,blackmetal
hooliganseverywhere,blackmetal
,blackmetal
underthepavingstones,blackmetal
The_other-guy,blackmetal
BigNickTX,blackmetal
OkkultaNagelfar,blackmetal
,blackmetal
SiqCuntBrah,blackmetal
LIBERTYxPRIME,blackmetal
notandanafn7,blackmetal
VikingFjorden,blackmetal
,blackmetal
N3PHxx,blackmetal
KingOvHell,blackmetal
Maledicte,blackmetal
KingOvHell,blackmetal
N3PHxx,blackmetal
patatesboy,blackmetal
PenetratorHammer,blackmetal
patatesboy,blackmetal
,blackmetal
notandanafn7,blackmetal
MattMurdok,blackmetal
koltur,blackmetal
PenetratorHammer,blackmetal
MattMurdok,blackmetal
bastardfish,blackmetal
Fecal_Leaker,blackmetal
PenetratorHammer,blackmetal
NYCKerl,blackmetal
PenetratorHammer,blackmetal
NYCKerl,blackmetal
PenetratorHammer,blackmetal
NYCKerl,blackmetal
Lord_Minos,blackmetal
Fecal_Leaker,blackmetal
BeardMan858,blackmetal
,blackmetal
NYCKerl,blackmetal
BeardMan858,blackmetal
PenetratorHammer,blackmetal
DustbinK,blackmetal
notandanafn7,blackmetal
DustbinK,blackmetal
pesttanz,blackmetal
notandanafn7,blackmetal
pesttanz,blackmetal
PenetratorHammer,blackmetal
,blackmetal
PenetratorHammer,blackmetal
,blackmetal
PenetratorHammer,blackmetal
chalisleeklorn,blackmetal
PenetratorHammer,blackmetal
PenetratorHammer,blackmetal
PenetratorHammer,blackmetal
THENINETAILEDF0X,blackmetal
ofthecelts,blackmetal
PenetratorHammer,blackmetal
ofthecelts,blackmetal
PenetratorHammer,blackmetal
ofthecelts,blackmetal
PenetratorHammer,blackmetal
EinWindir,blackmetal
pointless_existance,blackmetal
FishLampClock,blackmetal
PenetratorHammer,blackmetal
AmethystCoffin,blackmetal
,blackmetal
NovemberComingFire,blackmetal
Hippie_Of_Death,blackmetal
trashsleeper,blackmetal
FreshGroceries,blackmetal
brettgoespunk,blackmetal
sveitthrone,blackmetal
ploopplants,blackmetal
thenefilim,blackmetal
GrimAsFrag,blackmetal
Rawrsdirtyundies,blackmetal
AveLucifer,blackmetal
Blind_Guard,blackmetal
entorhigh4d,blackmetal
Sla5021,blackmetal
darngooddogs,blackmetal
samuraialien,blackmetal
Sla5021,blackmetal
TotesMessenger,blackmetal
AveLucifer,blackmetal
Sla5021,blackmetal
SmileEmptySoul89,blackmetal
Sla5021,blackmetal
SmileEmptySoul89,blackmetal
Sla5021,blackmetal
SmileEmptySoul89,blackmetal
Sla5021,blackmetal
SmileEmptySoul89,blackmetal
mrsmeeseeks,blackmetal
grev,blackmetal
Sla5021,blackmetal
TribeWars,blackmetal
Metal_For_The_Masses,blackmetal
WeirdoYYY,blackmetal
Sla5021,blackmetal
WeirdoYYY,blackmetal
Metal_For_The_Masses,blackmetal
Quietuus,blackmetal
,blackmetal
,blackmetal
Quietuus,blackmetal
metaldood19,blackmetal
TheInundation,blackmetal
cellosaremetal,blackmetal
rocket_psyence,blackmetal
thecrowfly,blackmetal
mag1cdr4g0n,blackmetal
,blackmetal
TheInundation,blackmetal
Hierodulos,blackmetal
BongWaterEnema,blackmetal
Hatetank,blackmetal
Sahach,blackmetal
i_am_omega,blackmetal
OverkillerSRB,blackmetal
i_am_omega,blackmetal
pfk505,blackmetal
nromolo6,blackmetal
i_am_omega,blackmetal
Victhulhu,blackmetal
i_am_omega,blackmetal
Musiksmoker1231,blackmetal
i_am_omega,blackmetal
Musiksmoker1231,blackmetal
i_am_omega,blackmetal
system29a,blackmetal
spartan205,blackmetal
i_am_omega,blackmetal
blerp_blerp,blackmetal
pedax,blackmetal
i_am_omega,blackmetal
Squabsquabsquab,blackmetal
i_am_omega,blackmetal
,blackmetal
i_am_omega,blackmetal
BrainOil,blackmetal
i_am_omega,blackmetal
BrainOil,blackmetal
,blackmetal
i_am_omega,blackmetal
lasyke3,blackmetal
GrimAsFrag,blackmetal
i_am_omega,blackmetal
GrimAsFrag,blackmetal
i_am_omega,blackmetal
lauucken,blackmetal
lostheaven,blackmetal
PlumbTheDerps,blackmetal
TheSleepyBuffalo,blackmetal
i_am_omega,blackmetal
isthathenry,blackmetal
Nazimods2,blackmetal
smabbott23,blackmetal
OhSanders,blackmetal
UnanimatedFelix,blackmetal
i_am_omega,blackmetal
hellsatana,blackmetal
i_am_omega,blackmetal
hellsatana,blackmetal
YouDumbZombie,blackmetal
HatefulTeen,blackmetal
EricMitjans,blackmetal
Daathchild,blackmetal
Goatphoenix,blackmetal
iClarion,blackmetal
AveLucifer,blackmetal
sdaniel90,blackmetal
SmArtilect,blackmetal
EricMitjans,blackmetal
AveLucifer,blackmetal
Languana,blackmetal
Fencingduck,blackmetal
EricMitjans,blackmetal
Lupyr,blackmetal
GoddamnGallow,blackmetal
Northern_One,blackmetal
PBandJammm,blackmetal
amphibalus,blackmetal
Northern_One,blackmetal
Wavyes,blackmetal
MightyTrustKrusher,blackmetal
Northern_One,blackmetal
MightyTrustKrusher,blackmetal
hellklan,blackmetal
durtari,blackmetal
RottingRavensBlood,blackmetal
lolcifer,blackmetal
RustyTrocar,blackmetal
_Eerie,blackmetal
AveLucifer,blackmetal
EinWindir,blackmetal
SmArtilect,blackmetal
EricMitjans,blackmetal
nearthecityofchorrol,blackmetal
EricMitjans,blackmetal
COLDVOID,blackmetal
shmeeandsquee,blackmetal
EricMitjans,blackmetal
Scherazade,blackmetal
Northern_One,blackmetal
Scherazade,blackmetal
giygas73,blackmetal
symphonyofmistakes,blackmetal
Daathchild,blackmetal
,blackmetal
N3PHxx,blackmetal
AdventOctober,blackmetal
Kaaraii,blackmetal
Quietuus,blackmetal
vorttex,blackmetal
Clown_Baby1337,blackmetal
Mortecai,blackmetal
Clown_Baby1337,blackmetal
Mortecai,blackmetal
zicho,blackmetal
deadboltduck,blackmetal
Jako21530,blackmetal
bornwithatail_,blackmetal
abeigor,blackmetal
lostheaven,blackmetal
Yours_and_mind_balls,blackmetal
llamafromhell1324,blackmetal
Clown_Baby1337,blackmetal
Clown_Baby1337,blackmetal
HomemadeBananas,blackmetal
,blackmetal
alienardo,blackmetal
Black_Annis,blackmetal
SeeYouInBlack,blackmetal
Clown_Baby1337,blackmetal
EinWindir,blackmetal
Clown_Baby1337,blackmetal
DustbinK,blackmetal
,blackmetal
MourningPalace,blackmetal
lucas,blackmetal
dilonovich,blackmetal
theVet,blackmetal
MILEY-CYRVS,blackmetal
Bronan_the_Brobarian,blackmetal
schedel,blackmetal
Jewrusalem,blackmetal
forcehatin,blackmetal
TheInundation,blackmetal
dinozauru_fertil,blackmetal
7stringsoflove,blackmetal
,blackmetal
SIOS,blackmetal
GoatCrow,blackmetal
Ibnalbalad,blackmetal
SIOS,blackmetal
ConvictAllFlesh,blackmetal
Gonji89,blackmetal
,blackmetal
SIOS,blackmetal
secondshoah,blackmetal
SIOS,blackmetal
,blackmetal
,blackmetal
,blackmetal
Funriz,blackmetal
forcehatin,blackmetal
theVet,blackmetal
Funriz,blackmetal
forcehatin,blackmetal
how_lucky_can_u_get,blues
IceDagger316,blues
how_lucky_can_u_get,blues
IceDagger316,blues
JohnnyTwoFingers,blues
IceDagger316,blues
JohnnyTwoFingers,blues
ThroatGravy,blues
RubberDong,blues
mariox19,blues
Uglyhead,blues
blarghusmaximus,blues
night_owl,blues
blarghusmaximus,blues
Uglyhead,blues
HintOfCinnamon,blues
ricky616,blues
yousickduck,blues
Viperking5,blues
gartenzerg,blues
HandsomeManVoice,blues
wellywoodfats,blues
Yeah_well_maybe,blues
pglc,blues
robotfuel,blues
bbdale,blues
omniVici,blues
teleekom,blues
spyder52,blues
shakyjoe,blues
jgreen44,blues
sagan666,blues
,blues
FlameBoiled,blues
LionoftheNorth,blues
Willy2shirts,blues
bubman,blues
dunderheadedcoconut,blues
whisker_mistytits,blues
Hohepas,blues
brand0n,blues
HX_Flash,blues
aceshighsays,blues
aceshighsays,blues
Hohepas,blues
RubberDong,blues
tothesource,blues
brand0n,blues
RatsInACageMMA,blues
manleg,blues
DNZe,blues
jonboy345,blues
Coyote_buffet,blues
blackcake666,blues
Sol_Invictus,blues
mcshugar,blues
Bluescentric,blues
TryForTheKingdom,blues
Bluescentric,blues
odel555q,blues
leo_blue,blues
Speednecker,blues
devilboy222,blues
Lickingmonitors,blues
,blues
Logic_77,blues
blaze_foley,blues
Speednecker,blues
mooglor,blues
,blues
damta6,blues
hamsammicher,blues
Half_Fast,blues
wintremute,blues
venturoo,blues
altie29,blues
ArtsyEyeFartsy,blues
RubberDong,blues
stratdog25,blues
ArtsyEyeFartsy,blues
AGuysBlues,blues
ArtsyEyeFartsy,blues
ArtsyEyeFartsy,blues
lordriffington,blues
ArtsyEyeFartsy,blues
MrBananaSoul,blues
ArtsyEyeFartsy,blues
blackflies,blues
ArtsyEyeFartsy,blues
Korge1000,blues
Cletus_awreetus,blues
mchljcb,blues
ballinthrowaway,blues
mchljcb,blues
lapmoss1,blues
tronj,blues
zach84,blues
tronj,blues
zach84,blues
gogreen16,blues
CunniMingus,blues
the_slunk,blues
EarlKlugh13,blues
dharmabum3,blues
carmour,blues
GhostBen,blues
the_slunk,blues
mchljcb,blues
DR_BALL_MD,blues
,blues
rocketpastsix,blues
newaccount,blues
rocketpastsix,blues
Fingermyannulus,blues
wurderlurker,blues
likeyouropinion,blues
Gnawbert,chillmusic
aspellz,chillmusic
Gnawbert,chillmusic
kdubs,chillmusic
telepathyLP,chillmusic
circa7,chillmusic
telepathyLP,chillmusic
Imoffensiveontheweb,chillmusic
CyberianSun,chillmusic
MoronicOxy,chillmusic
aspellz,chillmusic
Throw3367,chillmusic
Apairofpears,chillmusic
KwisatzHaderach_,chillmusic
Insert_Karma_Here,chillmusic
,chillmusic
Gnawbert,chillmusic
hiphoptomato,chillmusic
Knuddelmaus,chillmusic
circa7,chillmusic
judo_shoppe,chillmusic
Koonthebarbarian,chillmusic
ColonelForb1n,chillmusic
ColonelForb1n,chillmusic
RocketManV,chillmusic
aspellz,chillmusic
RocketManV,chillmusic
LeModigs,chillmusic
RocketManV,chillmusic
maidenmanitoba,chillmusic
afilak,chillmusic
DepartmentStoreSpook,chillmusic
radd_it,chillmusic
drewdaddy213,chillmusic
Old_Book,chillmusic
drewdaddy213,chillmusic
Ravello,chillmusic
TufffGong,chillmusic
SaveFerrisBueller,chillmusic
Old_Book,chillmusic
melonpie,chillmusic
aphir,chillmusic
Limsulation,chillmusic
tg23,chillmusic
crinklefoot,chillmusic
Lextrix,chillmusic
,chillmusic
astarkey12,chillmusic
sasquattchie,chillmusic
,chillmusic
,chillmusic
LinkerGuy,chillmusic
wondertwins,chillmusic
Skrilmaufive,chillmusic
trebor04,chillmusic
NEVERwb,chillmusic
justdevine,chillmusic
justdevine,chillmusic
MajorsE14,chillmusic
Diafetus,chillmusic
thompsonj02,chillmusic
GrzzBrr,chillmusic
SoundCheetah,chillmusic
GrzzBrr,chillmusic
tuongdacbiet,chillmusic
Nuvob,chillmusic
Homeboy38,chillmusic
furakalap,chillmusic
VerbalRadiation,chillmusic
jean-claude_vandamme,chillmusic
chillskys,chillmusic
Zheta42,chillmusic
mellee115,chillmusic
sunburner,chillmusic
CarlSagansturtleneck,chillmusic
sunburner,chillmusic
CoolHeadedLogician,chillmusic
sunburner,chillmusic
thetrademark,chillmusic
,chillmusic
sunburner,chillmusic
,chillmusic
sunburner,chillmusic
MisterCanoeHead,chillmusic
circa7,chillmusic
KabouterPlop,chillmusic
xiomen,chillmusic
TonePoleSmoker,chillmusic
GravityRides,chillmusic
hahastopjk,chillmusic
sunburner,chillmusic
baberim,chillmusic
,chillmusic
Maddpierrot,chillmusic
sunburner,chillmusic
Gnawbert,chillmusic
circa7,chillmusic
hahagato,chillmusic
refg,chillmusic
CharlieBrownza,chillmusic
gioraffe32,chillmusic
ecafdas,chillmusic
Reeferchief,chillmusic
wheelz,chillmusic
TheGooose,chillmusic
pikachuuuuu,chillmusic
TheGooose,chillmusic
sillyvong,chillmusic
cjENTusBLAZE,chillmusic
,chillmusic
empathyx,chillmusic
zombie_Leghumpr,chillmusic
Layinudown,chillmusic
modman2,chillmusic
catmath,chillmusic
Iamdarb,chillmusic
catmath,chillmusic
iWasHereMomentsAgo,chillmusic
ExaltedNecrosis,chillmusic
Shoebox_ovaries,chillmusic
thortsmagorts,chillmusic
Dustinss5,chillmusic
jmac217,chillmusic
,chillmusic
danielisthebear,chillmusic
,chillmusic
AATroop,chillmusic
kendall1983,chillmusic
Mashed-,chillmusic
Taurus_O_Rolus,chillmusic
zachhein,chillmusic
onlyne,chillmusic
SoundCheetah,chillmusic
,chillmusic
HelpDesk7,chillmusic
martooni,chillmusic
FarTillos,chillmusic
daaanish,chillmusic
silver_cans,chillmusic
brontohai,chillmusic
SoundCheetah,chillmusic
Lynzh,chillmusic
sssmmt,chillmusic
mentally_disturbed,chillmusic
jmac217,chillmusic
magicalrum,chillmusic
SoundCheetah,chillmusic
magicalrum,chillmusic
CDRCRDS,chillmusic
B33P3R,chillmusic
logicallyillogical,chillmusic
Khalku,chillmusic
,chillmusic
TheDuckKnightRises,chillmusic
PhatMunch,chillmusic
otakugirlforever,chillmusic
hiphoptomato,chillmusic
otakugirlforever,chillmusic
sneaky113,chillmusic
Heygirrrls,chillmusic
custymon,chillmusic
kaliali,chillmusic
bongdick,chillmusic
,chillmusic
hi_my_name_is_idgaf,chillmusic
,chillmusic
amirrorbehind,chillmusic
C_Falcon,chillmusic
thinklaughcry,chillmusic
JustAddLogic,chillmusic
TheGrey0wl,chillmusic
DiegoGarcia1984,chillmusic
dovamedic,chillmusic
Aerocity,chillstep
IndoctrinatedCow,chillstep
SpeckSound,chillstep
That_One_Durp,chillstep
antflga,chillstep
polymanwhore,chillstep
Big_sugaaakane1,chillstep
antflga,chillstep
Deathfire138,chillstep
,chillstep
gramblenator,chillstep
Bmeimz,chillstep
hop3full,chillstep
pilvlp,chillstep
davesnotherenow,chillstep
LFCameron7,chillstep
Rolanddh,chillstep
Paikz,chillstep
L_xo,chillstep
IndoctrinatedCow,chillstep
OpusMajus79,chillstep
ifound_molly,chillstep
Leeham721,chillstep
PorcaMiseria,chillstep
aaronrenoawesome,chillstep
ChilledMusic,chillstep
Aerocity,chillstep
esip,chillstep
Nicopip,chillstep
Squeggonic,chillstep
Coffee1212,chillstep
Pinworm45,chillstep
weezenbrot,chillstep
JulesVerneFJ,chillstep
morelamb,chillstep
sockcman,chillstep
s1m0ncr33p3r,chillstep
TheFlyingBastard,chillstep
limpingzombi,chillstep
HJGamer,chillstep
,chillstep
bigtuuuna,chillstep
HJGamer,chillstep
theLV2,chillstep
Tuberomix,chillstep
theLV2,chillstep
Tuberomix,chillstep
HJGamer,chillstep
Tuberomix,chillstep
HJGamer,chillstep
JollyJackal,chillstep
HJGamer,chillstep
bigtuuuna,chillstep
HJGamer,chillstep
jtdizzle01,chillstep
exccord,chillstep
Jummkopf,chillstep
ThisIsParadise,chillstep
PaulS95,chillstep
BoyceKRP,chillstep
Strider793,chillstep
WobbleWubWub,chillstep
not_working_at_home,chillstep
byzantinian,chillstep
TheRish,chillstep
JDawn747,chillstep
Insanara,chillstep
,chillstep
DoubleAyeKay,chillstep
,chillstep
BryLoW,chillstep
canadianhere,chillstep
Wiffernubbin,chillstep
IndoctrinatedCow,chillstep
Vopogon,chillstep
twitchosx,chillstep
IndoctrinatedCow,chillstep
Pyro_Simran,chillstep
gotballs258,chillstep
nietzsche_niche,chillstep
lungelixer,chillstep
Veregx,chillstep
n01m4g1n4t10n,chillstep
Raghken,chillstep
GTB3NW,chillstep
Pinworm45,chillstep
Soulitary,chillstep
phires,chillstep
,chillstep
DerkERRJobs,chillstep
I_MAKE_BAD_COMMENTS,chillstep
Snowda,chillstep
OmnipotentEntity,chillstep
Urlach,chillstep
SupraMario,chillstep
PoopsexPhenomenon,chillstep
,chillstep
sneilaro,chillstep
jacked_monkey,chillstep
mytruelove,chillstep
MyNameIsOP,chillstep
phires,chillstep
Quietmode,chillstep
phires,chillstep
RARE_ITEM,chillstep
Swornstar,chillstep
infinity526,chillstep
liquid_lazer,chillstep
phires,chillstep
swagmaster9000,chillstep
kopiking,chillstep
Ishmaldagatherer,chillstep
fourover4,chillstep
Aerocity,chillstep
FujiMist,chillstep
Chynaboy,chillstep
Nocturne501,chillstep
JollyJackal,chillstep
BigTyronBawlsky,chillstep
Robonka,chillstep
the0ncomingstorm,chillstep
Nexus117,chillstep
